url,name,address,city,state,phone
https://my-cpa.com/,Results,"481 White Mountain Hwy, Conway, NH 03818",Conway,NH,(603) 447-3356
http://brauelcpas.com/,Results,"2977 White Mountain Hwy, North Conway, NH 03860",North Conway,NH,(603) 356-9421
http://kathleensweeneycpa.com/,Results,"62 Grove St, North Conway, NH 03860",North Conway,NH,(603) 356-7036
http://www.newbusinessdirections.com/,Results,"78 Grove St #2173, North Conway, NH 03860",North Conway,NH,(603) 356-2914
http://www.debitone.biz/,Results,"41 Washington St, Conway, NH 03818",Conway,NH,(603) 447-1000
http://www.taxaidnow.com/contact.php,Results,"78 Grove St, North Conway, NH 03860",North Conway,NH,(603) 730-5012
http://www.lmrpa.com/,Results,"3278 White Mountain Hwy, North Conway, NH 03860",North Conway,NH,(603) 356-6358
http://www.millikenagencyservices.com/,Results,"175 Main St #1115, Conway, NH 03818",Conway,NH,(603) 356-1566
https://office.jacksonhewitt.com/tax-preparation-services-locations/en/nh/north-conway/46-n-south-rd/52140?utm_source=google&utm_medium=local&utm_campaign=local&utm_content=52140,Results,"46 North-South Rd, North Conway, NH 03860",North Conway,NH,(603) 733-4933
https://www.rockworthis.com/,Results,"115 Odell Hill Rd, Center Conway, NH 03813",Center Conway,NH,(603) 344-9942
https://www.echobh.com/,Results,"15 Washington St, Conway, NH 03818",Conway,NH,(603) 447-8600
http://www.alpinetitleservices.com/,Results,"6 Pleasant St, Conway, NH 03818",Conway,NH,(603) 447-5835
https://northconwaylawyers.com/,Results,"53 Technology Ln, Conway, NH 03818",Conway,NH,(603) 447-8994
https://eltcpa.com/,Results,"22 Bridge St Suite 11, Concord, NH 03301",Concord,NH,(508) 759-8328
http://www.nhscpa.org/,Results,"1750 Elm St #403, Manchester, NH 03104",Manchester,NH,(603) 622-1999
https://www.kfxtaxes.com/,Results,"21 Laurel Dr, Bow, NH 03304",Bow,NH,(603) 333-1885
https://www.masonrich.com/,Results,"6 Bicentennial Square, Concord, NH 03301",Concord,NH,(603) 224-2000
http://maureendowstcpa.com/,Results,"2 Mont Vernon Rd, New Boston, NH 03070",New Boston,NH,(603) 487-3531
https://www.venningadvisors.com/,Results,"84 W Broadway, Derry, NH 03038",Derry,NH,(603) 434-7500
https://edwardscpagroup.com/,Results,"51 Park St, Northfield, NH 03276",Northfield,NH,(603) 286-8000
https://www.hrblock.com/tax-office-near-me/new-hampshire/glen/27944/?otppartnerid=9308&campaignid=pw_mcm_9308_9762&utm_medium=local,Results,"15 US-302, Glen, NH 03838",Glen,NH,(603) 356-8907
