url,name,address,city,state,phone
http://brauelcpas.com/,Results,"2977 White Mountain Hwy, North Conway, NH 03860",North Conway,NH,(603) 356-9421
https://my-cpa.com/,Results,"481 White Mountain Hwy, Conway, NH 03818",Conway,NH,(603) 447-3356
http://kathleensweeneycpa.com/,Results,"62 Grove St, North Conway, NH 03860",North Conway,NH,(603) 356-7036
http://www.taxaidnow.com/contact.php,Results,"78 Grove St, North Conway, NH 03860",North Conway,NH,(603) 730-5012
http://www.newbusinessdirections.com/,Results,"78 Grove St #2173, North Conway, NH 03860",North Conway,NH,(603) 356-2914
http://www.lmrpa.com/,Results,"3278 White Mountain Hwy, North Conway, NH 03860",North Conway,NH,(603) 356-6358
http://www.debitone.biz/,Results,"41 Washington St, Conway, NH 03818",Conway,NH,(603) 447-1000
https://office.jacksonhewitt.com/tax-preparation-services-locations/en/nh/north-conway/46-n-south-rd/52140?utm_source=google&utm_medium=local&utm_campaign=local&utm_content=52140,Results,"46 North-South Rd, North Conway, NH 03860",North Conway,NH,(603) 733-4933
https://www.coopercargillchant.com/,Results,"2935 White Mountain Hwy, North Conway, NH 03860",North Conway,NH,(603) 356-5439
https://www.rockworthis.com/,Results,"115 Odell Hill Rd, Center Conway, NH 03813",Center Conway,NH,(603) 344-9942
